name;salary;experience;company;region;monthly_hours
Python-разработчик;209000.0;6;Копылова Татьяна Алексеевна;Краснодар;176.0
Python-developer;175000.0;3;Тензор;Санкт-Петербург;176.0
Разработчик Python;200000.0;3;Гросссофт;Тамбов;176.0
Python backend (FastAPI) разработчик;;3;АМИКОН;Москва;176.0
Python-разработчик;100000.0;1;VERBA-group;Киров (Кировская область);176.0
Trainee Python Developer;;0;Team.Inno / Фабрика инноваций и решений;Гомель;176.0
LLM Engineer (Python, RAG);200000.0;3;CRT;Санкт-Петербург;176.0
Python Developer;;1;РТК-ЦОД;Москва;176.0
Python-разработчик (senior);;3;T2;Москва;176.0
QA Automation Python specialist;;3;Лыжин Алексей Вячеславович;Москва;176.0
Java, python developer;;1;Клауд Ком;Москва;176.0
Senior QA Engineer (Python) / Инженер по автоматизированному тестированию (TATLIN.UNIFIED);;6;YADRO;Нижний Новгород;176.0
Full-Stack QA/Тестировщик (Python);;1;Ред Софт;Санкт-Петербург;176.0
Backend / AI Product Engineer (Python);;3;KTS;Москва;176.0
Ведущий инженер/ Python engineer (Блок ИИ);;3;Азиатско-Тихоокеанский Банк;Москва;176.0
Python-разработчик (со срочным выходом в течении 3 дней!);;3;ИЦ АЙ-ТЕКО;Москва;176.0
Python / AI Developer (GenAI & Data Systems);;3;Аренадата Софтвер;Москва;176.0
Разработчик Python (Middle);130000.0;1;Единая Информационная Система ЖКХ;Санкт-Петербург;176.0
Программист Python;;3;НоуТек;Самара;176.0
Разработчик python (Fullstack);;3;Элемент;Москва;176.0
Senior Python-разработчик;;3;СБЕР;Москва;176.0
Middle fullstack (python/vue) developer/Fullstack-разработчик (python/vue);;3;Арнест ЮниРусь;Москва;176.0
Python-разработчик (Middle+);;3;Globerce Inc.;Алматы;176.0
Tech - Team Lead (Python, Django, JavaScript, React, React Native);;3;A SWISS GROUP;Москва;176.0
Senior Python Developer;;6;Новео;Сербия;176.0
Python-разработчик;;1;Freedom Holding Operations;Алматы;176.0
Senior Python Backend Developer | FastAPI | Health-tech;;6;Holiverse;Минск;176.0
Senior Python-разработчик;;3;СБЕР;Самара;176.0
Middle+ Python Developer;;3;АстраЗенека;Москва;176.0
Middle Python Developer;;1;ROGII;Сербия;176.0
Middle Python developer (Telegram-боты+ИИ);112500.0;3;Ai2Biz;Москва;88.0
FullStack QA (Manual + Automation, Python) (вне РФ);152000.0;3;Heaad;Москва;176.0
Data Engineer Python LLM;;1;Neoflex;Саратов;176.0
Старший инженер по автоматизации тестирования Python, Ozon Travel;;3;Ozon;Москва;176.0
Tech Lead Python / Backend Architect (AI/LLM, FastAPI);400000.0;6;Леусова Екатерина Сергеевна;Москва;176.0
Team Lead Full-stack / Frontend (Vue 3 / Go / Python);;3;Майнитек;Екатеринбург;176.0
QA Automation (Python);;6;РЕЛЭКС;Воронеж;176.0
SDET Python (KUMA);;3;Лаборатория Касперского;Москва;176.0
Python-разработчик;127500.0;1;Алабуга, ОЭЗ ППТ;Санкт-Петербург;176.0
Преподаватель Python и Roblox в онлайн-школу программирования;50000.0;0;IT школа Hello World;Астана;110.0
Middle Python разработчик;200000.0;1;amoCRM;Москва;176.0
Senior Full-stack developer (React, Node, Python);;3;ОнТаргет ЛАБС;Тбилиси;176.0
Team Lead команды разработки (Python);;3;Ростелеком Информационные Технологии;Москва;176.0
Full-stack разработчик (Python/React) в команду AI;140000.0;1;Этажи Федеральная компания;Тюмень;176.0
Python разработчик;;3;КРОК;Москва;176.0
Python backend разработчик;90000.0;1;Федеральная Академия вождения Вектор;Омск;176.0
Senior Python Developer Backend;250000.0;3;Лидсфлоу;Астана;176.0
Python-разработчик (PyQt/PySide);;3;СберМедИИ;Москва;176.0
Python Developer — Infrastructure;261000.0;3;AbeloHost B.V.;Москва;176.0
Python Backend-разработчик;;6;Standfin;Нижний Новгород;176.0
Python разработчик (Middle+ / Senior);;3;X5 Tech;Москва;176.0
Python-разработчик;;3;АЛЬФА-БАНК;Минск;176.0
Middle+ Python-разработчик;205000.0;3;Шатаев Андрей Васильевич;Москва;176.0
Backend‑разработчик Python/Django (middle/middle+);300000.0;3;ProOrder;Москва;176.0
Tech Lead / Руководитель команды разработки Python;400000.0;6;METASCAN;Москва;176.0
Senior Backend-разработчик / Tech Lead (Python/Django, Celery, Docker, CI/CD);950.0;3;Экгардт Евгений Александрович;Москва;
Python-разработчик (фитнес-клуб);80000.0;0;Поколение;Москва;176.0
Junior Python Developer;92500.0;0;Удовиченко Анастасия Александровна;Челябинск;176.0
Middle Python-разработчик;;1;amoCRM;Москва;176.0
Python разработчик/Fullstack-разработчик в сервис Аналитики маркетплейсов;85000.0;1;Григорьев Вячеслав Романович;Воронеж;176.0
Автоматизатор - ТG боты, TMA (Python/JS/C), интеграции LLM, AI/ML (ОФИС!!!);;1;Эксим Интернешнл;Москва;176.0
Руководитель направления/middle python-разработчик (Технологии рисков корпоративного бизнеса));;3;Банк ДОМ.РФ;Москва;176.0
Python-разработчик;;3;Экспобанк;Москва;176.0
Разработчик (сетевой) Python (middle+);135000.0;1;НИИ МАСШТАБ;Санкт-Петербург;176.0
AQA Python;;1;СОГАЗ;Москва;176.0
Junior+ Backend Developer (Python / Django);110000.0;1;MillionAgents;Москва;176.0
Fullstack разработчик (Python\TypeScript(react));;3;YADRO;Москва;176.0
Python-разработчик;;3;НТЦ ИТ РОСА;Москва;176.0
QA-инженер (Python);;1;СБЕР;Москва;176.0
Младший специалист отдела разработки (Python) / Специалист по парсингу данных;70000.0;1;MillionAgents;Владивосток;176.0
Python Lead команды рекламных модераций в AI VK;;3;VK;Санкт-Петербург;176.0
Python-разработчик;350000.0;6;Акцент;Москва;176.0
Senior Backend Developer (Python);;6;UZINFOCOM;Ташкент;176.0
Python-разработчик (Django);150000.0;1;Shtab;Санкт-Петербург;187.0
Python разработчик (неоплачиваемая практика);;0;Газпром ЦПС;Санкт-Петербург;
Python Developer (Web, «Мир кораблей»);;3;Леста Игры;Санкт-Петербург;176.0
Младший программист Python;116000.0;1;МАСТ;Ярославль;176.0
Backend-разработчик Python (Junior);112500.0;1;Алабуга, ОЭЗ ППТ;Самара;176.0
Старший Python-разработчик в офис;;3;Диджитал Сектор Поддержка;Краснодар;176.0
Python инженер (+BI);;1;IT_One;Москва;176.0
Python developer;200000.0;3;Тензор;Тюмень;176.0
Python-разработчик;;3;ТЕХНОЛОГИИ ОТРАСЛЕВОЙ ТРАНСФОРМАЦИИ;Москва;176.0
Инженер по автоматизации тестирования LTE Base Station (Python);;3;YADRO;Санкт-Петербург;176.0
Automation QA Engineer (Python);;1;Леста Игры;Минск;176.0
Fullstack разработчик (Python / FastAPI);;3;СИСТЭМ ЭЛЕКТРИК;Новосибирск;176.0
Senior Python разработчик в команду MLOps платформы;;6;HeadHunter;Москва;176.0
Инженер по автоматизации тестирования, Python, API, Ozon Bank;;6;Ozon;Казань;176.0
Python-разработчик;180000.0;3;Lexica;Пермь;176.0
Lead AQA (Python);;3;Ipotekabank OTP Group;Ташкент;176.0
Middle+/Senior Backend Engineer (Golang/Python);;3;Choco (ТОО Chocofamily);Алматы;176.0
Python backend developer;150000.0;1;Маркетинговое агентство PRO M8;Москва;176.0
Trainee/Intern/Junior Python backend developer;30000.0;0;Рекруто;Санкт-Петербург;176.0
AI-разработчик (Python / Go / Frontend);;1;Social Media Holding;Москва;176.0
Senior Full-stack developer (React, Node, Python);;3;ОнТаргет ЛАБС;Алматы;176.0
Python Developer (AI team);;3;TravelLine;Йошкар-Ола;176.0
Senior Python-разработчик;275000.0;6;Live Typing;Москва;
Middle Backend разработчик (Python);120000.0;3;SOMNIUM;Астана;176.0
Python разработчик в LiveLib / Middle;;3;Литрес;Москва;176.0
Python-разработчик;100000.0;1;Самохин Арсений Дмитриевич;Санкт-Петербург;176.0
Senior Python Developer;;6;1С;Москва;176.0
Python Backend-разработчик (PostgreSQL, RabbitMQ, FastAPI);225000.0;1;ИК РИКОМ-ТРАСТ;Москва;176.0
Python-разработчик CTO;;1;Робита;Москва;176.0
Python Developer — Finance Analytics;261000.0;3;AbeloHost B.V.;Москва;176.0
Педагог-контрактник по курсам Python;;3;Центр Автоматизации Бизнеса Форвард;Самара;
Разработчик программного обеспечения (Python);;1;Конструкторское бюро Луггар;Новосибирск;176.0
Python-разработчик автоматизации тестирования;150000.0;3;УРАЛЭНЕРГОСЕРВИС;Екатеринбург;176.0
Разработчик Python (Middle);;1;Нанософт;Санкт-Петербург;176.0
Senior AQA Python Automation Engineer;;3;АйрисДев;Минск;176.0
Senior AQA/ Автотестировщик (Python/TypeScript);;3;Бфг;Москва;176.0
Python Automation QA Engineer (Web + Mobile);;3;Amarcon;Краснодар;176.0
Архитектор / Tech Lead (Python/Django);;0;Нефедов Роман Анатольевич;Москва;
AI-разработчик (Python / Go / PHP / Frontend);;1;СП Солюшен;Москва;176.0
Python-разработчик (Junior);80000.0;1;VOXYS;Орел;176.0
Backend-разработчик (Python);;3;Ipotekabank OTP Group;Ташкент;176.0
Python-разработчик;;3;Ситуационно-Информационный Центр Министерства Транспорта Российской Федерации;Москва;176.0
Python Developer / Backend (Middle+);180000.0;1;VICTORY group;Екатеринбург;
Python Разработчик;80000.0;1;Этажи Федеральная компания;Тюмень;176.0
Fullstack-разработчик (Python, JavaScript) middle, middle+;;3;Изи Вей;Воронеж;176.0
Младший (junior) программист Python;57900.0;0;Интеллектуальные системы;Воронеж;176.0
Python-разработчик;100000.0;1;Институт Радиоэлектронных Систем;Екатеринбург;176.0
Python разработчик middle;120000.0;1;AppEvent;Ростов-на-Дону;176.0
Python Developer (AI);;3;ATI.SU;Санкт-Петербург;176.0
Python developer (Инструменты управления рисками);;3;СБЕР;Москва;176.0
Ведущий backend-программист (python/Java);;3;ЦРТ | Группа компаний;Санкт-Петербург;176.0
Senior Python Developer (AI Backend);;3;Бридж Тревел;Москва;
Senior Python Developer Backend;250000.0;3;Лидсфлоу;Астана;176.0
Computer Vision Engineer Python/C++;;1;Московский метрополитен;Москва;176.0
Fullstack-разработчик Angular / Python;;1;WINLINE;Москва;176.0
Python разработчик / Middle (в Офис);;3;Диджитал Сектор Поддержка;Краснодар;176.0
Senior Python Developer;;6;Evercode Lab;Санкт-Петербург;176.0
Senior Python Developer GenAI Team;;3;Домклик;Москва;176.0
Middle Python-разработчик (AI-аналитик);;3;amoCRM;Москва;176.0
Middle Python Developer;200000.0;3;ТаймВэб;Санкт-Петербург;176.0
Младший аналитик (Python);80000.0;1;REV Ritter;Москва;176.0
Python разработчик;79500.0;1;Кортис Технологии;Краснодар;176.0
Middle Python-разработчик;250000.0;3;AERODISK;Москва;176.0
Python Developer;;1;Сотбифай;Минск;176.0
Senior python developer;;6;X5 Tech;Москва;176.0
Python Automation QA Engineer (Web + Mobile);;3;Amarcon;Казань;176.0
Python Developer QA Team (SDET);;3;TRIBE (LTD STARTRIBE);Кипр;176.0
Инженер по автоматизации тестирования, QA Auto Python;;3;Клируэй Текнолоджис;Москва;176.0
Senior Backend Developer / Team Lead (Python);;6;Маркетинг Точнее;Москва;176.0
Python разработчик (Senior);;6;Международный Научно-Технологический Центр Миэт;Зеленоград;176.0
Python Developer / Backend (парсеры);120000.0;1;VICTORY group;Екатеринбург;
Python developer [Trust and Safety];;3;RWB (Wildberries & Russ);Москва;176.0
Senior Python разработчик AI агентов (Нижний Новгород);;3;СБЕР;Нижний Новгород;176.0
Python-разработчик;75000.0;0;Космачев Андрей Александрович;Москва;176.0
Backend-разработчик Python (Junior);112500.0;1;Алабуга, ОЭЗ ППТ;Тольятти;176.0
Middle Python Developer;;3;Evercode Lab;Санкт-Петербург;176.0
Automation QA-Engineer Java/Python/C# (GameDev);;0;Gear Games;Санкт-Петербург;176.0
Python-разработчик Управления моделирования Департамента кредитных рисков;;1;Микрофинансовая организация ФРИДОМ ФИНАНС Кредит;Алматы;176.0
Python разработчик (Software Engineer);400000.0;3;Консалт Плюс;Москва;
Python (AI GenUS) specialist;;1;СБЕР;Москва;176.0
Начинающий разработчик Python, Команда по управлению финансовыми рисками;;0;Kept (Кэпт);Москва;176.0
Qa Python Selenium;10000.0;1;Хантфлоу интеграция УЗ2;Заполярный (Ямало-Ненецкий АО);176.0
Python разработчик;;3;Т1;Казань;176.0
Python-разработчик;;3;ЦРТ | Группа компаний;Санкт-Петербург;176.0
Team Lead Python;;6;СБЕР;Москва;176.0
Старший Python-разработчик;300000.0;6;МФК Фордевинд;Москва;176.0
Разработчик Python;243500.0;1;ProfiStaff;Москва;176.0
Python Developer / Backend (Junior+/Middle);120000.0;1;VICTORY group;Екатеринбург;
Junior Python developer;;0;Emphasoft;Алматы;176.0
Python-разработчик;;6;HeadHunter;Москва;176.0
Python developer (Middle);200000.0;3;Майгрин Маркет;Новосибирск;176.0
Python Backend Developer (Middle / Middle+);105000.0;3;TIDAAR AI SOLUTIONS;Астана;176.0
Программист Python Middle (full-stack);;1;Брайт Солюшенз;Минск;176.0
Senior Python разработчик / CTO;300000.0;6;Pet Match AI;Москва;176.0
Test Automation Engineer | SDET | Middle+ | Python or Java;;3;Неткрэкер Текнолоджи Казахстан;Алматы;176.0
Fullstack-разработчик (Python, React/Typescript);;3;Гринатом;Нижний Новгород;176.0
Middle/Senior Python backend developer;;3;Норд Клан;Санкт-Петербург;176.0
Python преподаватель;75000.0;1;Ansar itcompany;Грозный;176.0
Python разработчик | Middle | Senior в Fintech;;3;МКК Луна;Москва;176.0
Backend-разработчик (Python);;3;Кука Тех;Нижний Новгород;176.0
Python Backend-разработчик (офис);;6;Standfin;Ростов-на-Дону;176.0
"Инженер-программист на проект ""Суверенная платформа искусственного интеллекта"" (Python).";;1;Центр банковских технологий;Минск;176.0
Python разработчик / Middle +;;3;Литрес;Москва;176.0
Python-разработчик;120000.0;1;Аватри;Екатеринбург;176.0
Backend Developer (Python);250000.0;3;САПРО;Казань;176.0
Python-разработчик;75000.0;1;ФГАНУ НИИ Спецвузавтоматика;Ростов-на-Дону;176.0
Python/Django разработчик;;1;РГ-Строй Групп;Казань;
Python Developer;;3;АКДев Групп;Минск;176.0
Senior Python Developer;400000.0;3;Деньги Вперед;Москва;176.0
Ведущий Python-разработчик;;3;Трубная Металлургическая Компания;Москва;176.0
Python Backend Developer (Quantum BU);266000.0;6;V4Scale;Израиль;176.0
Python AI разработчик;220000.0;1;ИЦ АЙ-ТЕКО;Москва;176.0
Middle Python-разработчик;;1;АНО АЦГ;Нижний Новгород;176.0
Программист Python/Django в веб-студию;85000.0;1;Вангер.рф - разработка сайтов;Иркутск;176.0
Python-разработчик;127500.0;1;Алабуга, ОЭЗ ППТ;Ижевск;176.0
SDET python (Авгур);;1;ТехАргос;Москва;176.0
Инженер по автоматизации тестирования (AQA Python);;3;YADRO;Нижний Новгород;176.0
Разработчик (Бэкенд developer / Python) Middle+;170000.0;1;МСТРОЙ;Тюмень;176.0
Python Developer (middle+);;3;RDP.RU;Москва;176.0
Team Lead Python Developer (GigaLegal, Legal AI);;6;СБЕР;Москва;176.0
Python backend разработчик;;1;Волгин Дмитрий Олегович;Якутск;176.0
Python-разработчик;1500.0;3;КомьюнитиТех Групп;Москва;176.0
Senior Data Engineer (Python);365000.0;3;ArtVolkov.ru;Москва;176.0
Backend-разработчик Python (Junior);112500.0;1;Алабуга, ОЭЗ ППТ;Нижний Новгород;176.0
Fullstack QA Automation Engineer Python;;3;МТС Банк;Москва;176.0
Разработчик Python (Django, DRF);;3;Ред Софт;Санкт-Петербург;176.0
Разработчик на Python / JavaScript / Node.js;70000.0;1;Интернет РЕВОЛЮЦИЯ;Омск;176.0
Python-разработчик;;1;Сбер Бизнес Софт;Москва;176.0
Python-разработчик;;3;Нетбелл;Москва;176.0
Senior Data Engineer (ClickHouse, Python);;6;Новео;Сербия;176.0
Senior Python-разработчик;;6;KTS;Москва;176.0
Ведущий разработчик (Python, C#);294000.0;3;Talent Pool;Москва;176.0
Tech Lead (Python);;6;YADRO;Москва;176.0
Python‑разработчик (алготрейдинг, Pine/DSL);50000.0;1;Петров Игорь Кириллович;Москва;165.0
Python-разработчик;265000.0;3;Мебельная фабрика Мечта;Москва;176.0
Python-разработчик;;3;Koronatech;Санкт-Петербург;176.0
Python-разработчик;;1;Subscrible;Тбилиси;
Middle Python Backend Developer;75000.0;1;K-Line Network;Астана;176.0
Python разработчик (КиберАналитик);;3;СБЕР;Рязань;176.0
Python-разработчик;165000.0;3;ROIburo;Екатеринбург;176.0
Python-разработчик;325000.0;3;Снэп АйТи;Москва;176.0
Trainee Python Developer;;0;Team.Inno / Фабрика инноваций и решений;Могилев;176.0
Python-разработчик;100000.0;1;Fortech;Ростов-на-Дону;176.0
Junior QA Automation Engineer (Python / Selenium);100000.0;1;ДЕКА;Казань;176.0
Python разработчик;;3;Т-Банк;Екатеринбург;176.0
Python разработчик;;3;Т-Банк;Санкт-Петербург;176.0
Python Developer (Middle/Middle+);;3;Мустанг Технологии Кормления;Москва;176.0
Разработчик Python в LLM Platform;;3;Т-Банк;Санкт-Петербург;176.0
Python developer;;1;Фаст Софт;Санкт-Петербург;176.0
Разработчик встраиваемого ПО на C++/Python (Robotics SW);;6;R&D компания, разработчик интеллектуальных роботов;Москва;176.0
Python/AI разработчик;;3;Инсейлс Рус;Москва;176.0
Backend-разработчик Python;;1;REALSOFT;Бухара;176.0
Автоматизатор Python;70000.0;1;Дэстэн Партнерс;Москва;176.0
Junior Python RPA Developer;22500.0;0;Частная компания Python RPA Ltd.;Алматы;176.0
Senior Python разработчик AI агентов;;3;СБЕР;Москва;176.0
Backend разработчик Python;;3;Монитор Софт;Жуковский  (Московская область);176.0
Senior Python Developer;;6;Филиал компании Лист Ренталс Лимитед;Москва;176.0
Mobile QA инженер (ручное+автотестирование, Python);;3;Лига Ставок;Москва;176.0
Наставник по автоматизации тестирования (Java / Python / JavaScript) в онлайн-школу программирования;;3;Хекслет;Москва;
Senior Python Developer;;6;Evercode Lab;Москва;176.0
Python-разработчик (Middle);150000.0;3;Бумхиминвест;Пермь;176.0
Python-разработчик в Fintech;;3;Secunda;Москва;176.0
SDET python (NMS);;3;ТехАргос;Москва;176.0
Python разработчик;;1;Лига Цифровой Экономики;Москва;176.0
Full Stack QA (Python);;3;Альфа-Деньги;Москва;176.0
Fullstack-разработчик (Python, React/Typescript);;3;Гринатом;Санкт-Петербург;176.0
Middle - python - разработчик;150000.0;1;Труф Теллер;Москва;176.0
Python Developer;150000.0;1;ISD Parking Solutions;Москва;176.0
Python-разработчик (middle);;3;T2;Москва;176.0
Преподаватель программирования в онлайн-школу (Python, Unity, HTML);75000.0;0;EasyCode;Воронеж;143.0
Lead QA Auto Python (MWS AI);;3;МТС;Москва;176.0
Python-разработчик в Food.ru;;3;Х5;Москва;176.0
Тестировщик-автоматизатор (Python);80000.0;0;Тензор;Ярославль;176.0
Python разработчик (MLOps);;1;Т1;Екатеринбург;176.0
Python-разработчик;;1;Интернет вещей;Тольятти;176.0
Программист, Fullstack-разработчик (1C/Python);;1;АДР;Санкт-Петербург;176.0
Python-разработчик;200000.0;1;Финансово-правовой альянс;Санкт-Петербург;176.0
Senior Python Backend Engineer (Asyncio, Highload);585000.0;6;Betby;Черногория;176.0
Преподаватель Python и Roblox в онлайн-школу программирования;50000.0;0;IT школа Hello World;Минск;110.0
Middle Python Developer;95000.0;1;Центр цифрового развития;Красноярск;176.0
Python-разработчик;;3;Прошин Евгений;Волгоград;176.0
Python-разработчик;;3;Т-Банк;Сочи;176.0
Senior Python Engineer (AI & Automation);;3;Syberry CIS;Минск;176.0
Python Developer (FastAPI) в iGaming;228000.0;3;JT marketing;Тбилиси;176.0
AI / LLM Automation Engineer (Python);;1;Маджестик;Казань;
Python Backend Developer;;3;«ФИНАНСОВЫЙ ХОЛДИНГ «РЕСПУБЛИКА»;Алматы;176.0
Software engineer (Python / JavaScript) — AI-first (Vibe coding);;1;Improvado KZ;Тбилиси;176.0
Fullstack разработчик (Python / FastAPI);;3;СИСТЭМ ЭЛЕКТРИК;Томск;176.0
QA Engineer (Python) / Инженер по автоматизированному тестированию (TATLIN.UNIFIED);;6;YADRO;Санкт-Петербург;176.0
Аналитик-стажер / Начинающий специалист (Продуктовые метрики, Excel, Python);;0;ЕвроХим, Минерально-Химическая Компания;Москва;
Python-разработчик для ИИ-агентов (автоматизация и интеграции);;1;Компания БКС;Москва;176.0
Python-разработчик;;1;БИЗНЕС КОННЕКТ;Москва;176.0
Software Engineer Python;270000.0;3;DIGITCORE;Москва;176.0
SDET Python (Sandbox);;3;Лаборатория Касперского;Москва;176.0
Python разработчик (Инструмент управления численностью);;1;СБЕР;Екатеринбург;176.0
Team Lead Python [ИРТЕЯ];;6;МТС;Москва;176.0
Старший инженер по автоматизации тестирования (Python), Маркетплейс, Заказы в ЛК продавца;;3;Ozon;Москва;176.0
Python/C++ Developer (Tanks Blitz);;3;Леста Игры;Минск;176.0
Аналитик - разработчик (Python);;3;Московский метрополитен;Москва;176.0
Middle fullstack (python/vue) developer/Fullstack-разработчик (python/vue);;3;Арнест ЮниРусь;Санкт-Петербург;176.0
Senior QA Automation Engineer (Python);;6;2ГИС;Москва;176.0
Trainee/Python Developer;;0;Арелаг консалт;Минск;176.0
AQA (Python);;1;Протей, НТЦ;Санкт-Петербург;176.0
Официант;100000.0;0;Питон;Новосибирск;264.0
Руководитель направления (Python Lead);;6;СБЕР;Самара;176.0
Python SDET в команду нагрузочного тестирования;;3;АйрисДев;Минск;176.0
Python-разработчик (Senior);;6;АЛМИ Партнер;Москва;176.0
Аналитик банковского сектора (SQL, Python);;3;Центральный банк Российской Федерации (Банк России);Москва;176.0
Преподаватель ИТ-дисциплин (Python);;1;Университет Иннополис;Москва;
Python Developer;;1;Aston;Москва;176.0
Аналитик данных (python, sql);180000.0;3;Россельхозбанк;Москва;176.0
Python-разработчик;2205.0;1;TODOO;Ташкент;176.0
Backend-разработчик Python (Junior);112500.0;0;Алабуга, ОЭЗ ППТ;Иннополис;176.0
Python backend разработчик в AI‑стартап;;3;NanoHire;Москва;176.0
Python Developer (Django / amoCRM / AI);150000.0;1;Говори24;Санкт-Петербург;176.0
Python Developer middle;;3;KEDOO Entertainment;Москва;176.0
Python разработчик;;3;ИЦ АЙ-ТЕКО;Москва;176.0
Стажер - Инженер по автоматизации тестирования, QA Auto Python, API, Ozon Bank;;0;Ozon;Санкт-Петербург;176.0
Python-developer;137500.0;1;Тензор;Ярославль;176.0
Python Engineer;;0;SpectrumData;Екатеринбург;176.0
Аналитик данных (Excel - PowerPivot, PowerQuery, макросы, SQL, Power BI, Python);130000.0;1;ГБУЗ ЦЛО ДЗМ;Москва;176.0
Python-разработчик;200000.0;3;Плейспартс;Волгоград;176.0
Senior Backend Python/Django разработчик;;3;АНО ДО Московская школа программистов;Москва;176.0
Python-разработчик;;3;EPG Service;Москва;176.0
Senior Python Software Engineer (Cyprus);;6;EXNESS Global Limited;Астана;176.0
Менеджер по продажам в офисе (хантер);210000.0;1;ПИТОН;Москва;176.0
Python-разработчик;;3;Страховая компания Freedom Insurance;Алматы;176.0
Python Developer (AI-агенты и LegalTech);;3;СБЕР;Москва;176.0
Senior Data Engineer (Python, ClickHouse);;6;Новео;Тбилиси;176.0
Python backend developer / Бэкенд разработчик на питоне;190000.0;1;Neuro-Core;Москва;176.0
Middle+ / Senior Python разработчик;165000.0;6;RedLab;Санкт-Петербург;176.0
Python Developer (Strong Middle / Senior);;3;UNICON.UZ;Ташкент;176.0
Middle/Strong Middle Python Developer;12600.0;3;DEEPEN;Ташкент;176.0
Senior Python разработчик;;3;Федеральное автономное учреждение Государственный Научно-Исследовательский Институт Авиационных Систем;Москва;176.0
QA Lead (Python);;3;Протей, НТЦ;Санкт-Петербург;176.0
Data Engineer Python (LLM);;3;Neoflex;Нижний Новгород;198.0
Senior Python Developer;;6;Группа Адмитад;Москва;176.0
Python-разработчик;;1;Bereke Bank;Алматы;176.0
Backend Middle Python разработчик в команду AI;180000.0;1;amoCRM;Москва;176.0
Senior Python Backend Engineer;105000.0;3;K-Line Network;Астана;176.0
Python Developer;;1;Team.Inno / Фабрика инноваций и решений;Минск;176.0
Python developer;;3;Планетарий 1;Санкт-Петербург;176.0
Python разработчик (SberOS);;3;СБЕР;Москва;176.0
SDET Python (KESL);;3;Лаборатория Касперского;Москва;176.0
Python/Backend Архитектор/Python 3.x (FastAPI);472500.0;3;Doubletapp;Сербия;176.0
Python Developer (Infrastructure);;3;Леста Игры;Москва;176.0
Python Developer;7245.0;1;NAJOT TA’LIM MARKAZI;Фергана;88.0
Senior Python Backend-разработчик (Высоконагруженные системы, AI) Новосибирск;;3;СофтМолл;Новосибирск;176.0
Python Developer (Middle+);215000.0;3;Фабрика Решений;Москва;176.0
Middle Python Developer;;3;Evercode Lab;Москва;176.0
Python разработчик / автоматизация веб-процессов (Selenium);175000.0;1;Ларионов Алексей Владимирович;Новосибирск;
Fullstack-разработчик (Python / React / JS);;1;AYA Group;Казань;176.0
Преподаватель программирования в онлайн-школу (Python, Unity, HTML);75000.0;0;EasyCode;Челябинск;143.0
Python developer;150000.0;1;Литмаркет;Санкт-Петербург;176.0
Python-разработчик;;6;IVIDEON;Москва;176.0
Backend Python Developer;2280.0;0;Аспирити;Астана;176.0
Руководитель направления (Python Lead);;6;СБЕР;Москва;176.0
Технический лидер внедрения технологий ИИ (IT LEAD Python);;6;Азиатско-Тихоокеанский Банк;Москва;176.0
Преподаватель программирования в онлайн-школу (Python, Unity, Python Backend);75000.0;1;EasyCode;Москва;132.0
Python-разработчик (с переходом в DevOps);;3;Верме;Москва;176.0
Python-разработчик;;3;YADRO;Москва;176.0
Разработчик Python;120000.0;3;ТендерПро;Екатеринбург;176.0
QA Automation (Python);;3;Okko;Москва;176.0
Python-разработчик;;3;FIX PRICE;Москва;176.0
Руководитель направления (Python Lead);;6;СБЕР;Санкт-Петербург;176.0
Python-разработчик;520000.0;1;Хазиев Карим Рашитович;Казань;99.0
Middle+ / Senior инженер автоматизированного тестирования (AQA Python);160000.0;6;RedLab;Москва;176.0
Trainee Python Developer;;0;Team.Inno / Фабрика инноваций и решений;Витебск;176.0
Python Developer (Middle+);;1;БАКАЙ БАНК;Бишкек;176.0
Team Lead (Python);;3;«Aviata» (Freedom Travel);Алматы;176.0
Junior Python разработчик;90000.0;0;hitalent;Москва;176.0
Backend-разработчик Python (Производственная Кассовая Платформа);;3;Вкусно — и точка;Москва;176.0
Преподаватель программирования (Scratch&Roblox/Python Backend/Unity);75000.0;1;EasyCode;Екатеринбург;115.5
Python-разработчик;;3;Т-Банк;Москва;176.0
Старший инженер по автоматизации тестирования (Python);;3;БЮРО 1440;Москва;176.0
Senior Python Developer;225000.0;3;ФИНОНА;Астана;176.0
Python-разработчик;;3;ИСТ;Санкт-Петербург;176.0
Программист-разработчик (Python / C++);150000.0;1;Специальное Программное Обеспечение;Санкт-Петербург;176.0
Senior Python-developer;300000.0;6;Тензор;Санкт-Петербург;176.0
Al- разработчик ботов / Full-Stack разработчик (Python);100000.0;1;Блэкмедиа;Москва;176.0
Middle Python Developer (Django / Highload / Product);180000.0;3;Photo Point;Оренбург;176.0
Python-разработчик (Senior);195000.0;3;НАИС;Ростов-на-Дону;176.0
Backend Python разработчик (middle);;3;СЕРВИСНЫЙ ЦЕНТР ERG;Астана;176.0
Senior python developer;250000.0;3;Тензор;Уфа;176.0
Python Backend Developer;160000.0;3;Эдтех Инвест;Москва;176.0
Middle Python developer;;1;Объединенное Кредитное Бюро;Москва;176.0
Fullstack developer (Python, React/Typescript);;1;Леста Игры;Минск;176.0
Программист backend Python;275000.0;3;НПЦ СпецЭлектронСистемы;Москва;176.0
Python-разработчик;127500.0;1;Алабуга, ОЭЗ ППТ;Москва;176.0
Tech lead Python;;6;АЙФЭЛЛ;Москва;176.0
Backend-разработчик/Middle Python;;3;Про Хелс Маркетинг;Минск;176.0
Python-разработчик (Данные и автоматизация);;1;Банк ДОМ.РФ;Москва;176.0
Fullstack developer Python (Flask), Vue;115000.0;1;УЦ Профстандарт;Новосибирск;176.0
Backend-разработчик Python (Junior);112500.0;0;Алабуга, ОЭЗ ППТ;Казань;176.0
Senior Python Developer;260000.0;6;ТаймВэб;Санкт-Петербург;176.0
Системный инженер Linux / Python разработчик;310000.0;1;VPNM (Тихонов Денис Олегович);Москва;176.0
Middle fullstack (python/vue) developer/Fullstack-разработчик (python/vue);;3;Арнест ЮниРусь;Казань;176.0
Senior Backend-разработчик (Python);300000.0;3;ТАРГЕТ АДС;Москва;176.0
Python Middle/Senior разработчик;150000.0;3;Digital Silk Road Company;Астана;176.0
Разработчик информационных систем на Oracle/Python;175000.0;3;АНОВО МОСКОВСКИЙ МЕЖДУНАРОДНЫЙ УНИВЕРСИТЕТ;Москва;176.0
Младший специалист отдела разработки (Python) / Специалист по парсингу данных;70000.0;1;MillionAgents;Москва;176.0
Senior backend Go/python;337500.0;3;QData;Астана;176.0
Manual / Automation QA Engineer (Python);;1;Валун Софт;Минск;176.0
Python разработчик;180000.0;1;Fortech;Санкт-Петербург;176.0
Ведущий программист Python (внутренняя разработка);;6;Postgres Professional;Москва;176.0
Программист Python;;6;ГК «ХайТэк»;Москва;176.0
Fullstack разработчик (Python / FastAPI);;3;СИСТЭМ ЭЛЕКТРИК;Самара;176.0
Python-разработчик;;3;Т-Банк;Москва;176.0
Python-разработчик;;3;the_covert;Тбилиси;176.0
Junior Python-разработчик (Аналитика данных);;1;АНО АЦГ;Нижний Новгород;176.0
Junior Аналитик (SQL, Python);;1;Россельхозбанк;Москва;176.0
Python Developer (Middle+);;3;Водород;Минск;176.0
Database Developer / Architect (PostgreSQL, Python);265000.0;3;Dex;Москва;
Python-разработчик (финтех);200000.0;3;СЕТТЕ;Москва;176.0
Python-разработчик;;1;КСК-Эйч Ар;Воронеж;
Lead Python-разработчик;;6;СБЕР;Москва;176.0
Senior Data Engineer (ClickHouse, Python);;6;Новео;Астана;176.0
Senior Python developer (GigaBus);;6;СБЕР;Москва;176.0
Python-разработчик / Junior Developer;;0;Интрейс Групп;Москва;
Backend Developer (Python + PHP) / AI-first;;1;СП Солюшен;Москва;187.0
Разработчик-преподаватель компьютерных курсов (Python/HTML & CSS/C#/C++) г. Колпино;60000.0;0;Компьютерная академия TOP (Компьютерная Академия ТОП);Колпино;88.0
Python-разработчик (middle+/senior);;3;ДИКСИ, группа компаний;Москва;176.0
QA Automation (Python);;3;Spice IT;Москва;176.0
Backend разработчик Python;170000.0;1;BND LLC;Москва;176.0
Python-разработчик;305000.0;3;AYA Group;Москва;176.0
Senior Python developer;;3;ROGII;Сербия;176.0
Разработчик python;;1;Банк Акцепт;Новосибирск;176.0
